"QUICK LINKs","QUICK LINKs"
"Terms & Conditions","Terms & Conditions"
"Privacy Policies","Privacy Policies"
"Delivery - Return - Warranty","Delivery - Return - Warranty"
"Payment Methods","Payment Methods"
"Loyalty Program","Loyalty Program"
COMPANY,COMPANY
"About us","About us"
FAQs,FAQs
"Follow us","Follow us"
"Our Mobile Apps","Our Mobile Apps"
"CÔNG TY TNHH ĐIỆN TỬ SHARP VIỆT NAM","CÔNG TY TNHH ĐIỆN TỬ SHARP VIỆT NAM"
" Địa chỉ:"," Địa chỉ:"
"   Email:","   Email:"
"   MST: ","   MST: "
"Free Delivery","Free Delivery"
"For all orders over 1,000,000đ","For all orders over 1,000,000đ"
"Authentic Products","Authentic Products"
"Legitimate origin","Legitimate origin"
"Secure Payment","Secure Payment"
"100% secure payment","100% secure payment"
"24/7 Support","24/7 Support"
"Dedicated support","Dedicated support"
"Deals Of The Day","Deals Of The Day"
"Help Us Keep Magento Healthy","Help Us Keep Magento Healthy"
"Report All Bugs","Report All Bugs"
News,News
"Review Product","Review Product"
"Tips & Tricks","Tips & Tricks"
Promotions,Promotions
"View All","View All"
"How To Make A Fresh Juice Blended For Your Family?","How To Make A Fresh Juice Blended For Your Family?"
Organic,Organic
"Fresh Eggs Caroline In Australia Villages","Fresh Eggs Caroline In Australia Villages"
"Discover Fresh Organic Farms In Switzerland Villages","Discover Fresh Organic Farms In Switzerland Villages"
"B&O Play - Best Headphone For You","B&O Play - Best Headphone For You"
"Your Recently Viewed Products","Your Recently Viewed Products"
"Top Categories Of The Month","Top Categories Of The Month"
"TV Televisions","TV Televisions"
"Smart TV ","Smart TV "
"4K Ultra HD TVs","4K Ultra HD TVs"
"LED TVs","LED TVs"
"OLED TVs","OLED TVs"
Accessories,Accessories
"Personal Care","Personal Care"
"Face mask","Face mask"
"Face shield","Face shield"
"Small Appliances","Small Appliances"
"Microwave oven","Microwave oven"
"Air Fryer","Air Fryer"
"Rice cooker","Rice cooker"
Kettle,Kettle
"Jar pot","Jar pot"
"Consumer Goods","Consumer Goods"
"Washing and","Washing and"
Cleanser,Cleanser
"Home care","Home care"
"Hygienic car","Hygienic car"
"Insect treatment","Insect treatment"
"Food & Drink","Food & Drink"
Fruit,Fruit
Confectionary,Confectionary
Beverage,Beverage
Seasoning,Seasoning
"Dietary Supplement","Dietary Supplement"
"Add to Cart","Add to Cart"
Qty,Qty
Search,Search
"Search entire store here...","Search entire store here..."
"Best Seller","Best Seller"
"Citrus Juicer","Citrus Juicer"
Blender,Blender
"Electric Oven","Electric Oven"
"Air Purifier","Air Purifier"
Air-Conditioner,Air-Conditioner
Refrigerator,Refrigerator
